[
  {
    "name": "Alex Loader",
    "street": "37 N Elm St",
    "city": "Tacoma",
    "state": "WA",
    "zip": "98409",
    "phoneNumber": "253-660-7821"
  },
  {
    "name": "Andra Scheyer",
    "street": "9 Church St",
    "city": "Salem",
    "state": "OR",
    "zip": "97302",
    "phoneNumber": "503-516-2189"
  },
  {
    "name": "Avery Steier",
    "street": "93 Redmond Rd",
    "city": "Orlando",
    "state": "FL",
    "zip": "32803",
    "phoneNumber": "407-808-9439"
  },
  {
    "name": "Bette Nicka",
    "street": "6 S 33rd St",
    "city": "Aston",
    "state": "PA",
    "zip": "19014",
    "phoneNumber": "610-545-3615"
  },
  {
    "name": "Bok Isaacs",
    "street": "6 Gilson St",
    "city": "Bronx",
    "state": "NY",
    "zip": "10468",
    "phoneNumber": "718-809-3762"
  },
  {
    "name": "Brandon Callaro",
    "street": "7 Benton Dr",
    "city": "Honolulu",
    "state": "HI",
    "zip": "96819",
    "phoneNumber": "808-215-6832"
  },
  {
    "name": "Brock Bolognia",
    "street": "4486 W O St",
    "city": "New York",
    "state": "NY",
    "zip": "10003",
    "phoneNumber": "212-402-9216"
  },
  {
    "name": "Caitlin Julia",
    "street": "5 Williams St",
    "city": "Johnston",
    "state": "RI",
    "zip": "2919",
    "phoneNumber": "401-948-4982"
  },
  {
    "name": "Chanel Caudy",
    "street": "86 Nw 66th St",
    "city": "Shawnee",
    "state": "KS",
    "zip": "66218",
    "phoneNumber": "913-388-2079"
  },
  {
    "name": "Cyril Daufeldt",
    "street": "3 Lawton St",
    "city": "New York",
    "state": "NY",
    "zip": "10013",
    "phoneNumber": "212-745-8484"
  },
  {
    "name": "Edna Miceli",
    "street": "555 Main St",
    "city": "Erie",
    "state": "PA",
    "zip": "16502",
    "phoneNumber": "814-460-2655"
  },
  {
    "name": "Elli Mclaird",
    "street": "6 Sunrise Ave",
    "city": "Utica",
    "state": "NY",
    "zip": "13501",
    "phoneNumber": "315-818-2638"
  },
  {
    "name": "Elly Morocco",
    "street": "7 W 32nd St",
    "city": "Erie",
    "state": "PA",
    "zip": "16502",
    "phoneNumber": "814-393-5571"
  },
  {
    "name": "Emerson Bowley",
    "street": "762 S Main St",
    "city": "Madison",
    "state": "WI",
    "zip": "53711",
    "phoneNumber": "608-336-7444"
  },
  {
    "name": "Ezekiel Chui",
    "street": "2 Cedar Ave",
    "city": "Easton",
    "state": "MD",
    "zip": "21601",
    "phoneNumber": "410-669-1642"
  },
  {
    "name": "Frederica Blunk",
    "street": "99586 Main St",
    "city": "Dallas",
    "state": "TX",
    "zip": "75207",
    "phoneNumber": "214-428-2285"
  },
  {
    "name": "Glory Schieler",
    "street": "5 E Truman Rd",
    "city": "Abilene",
    "state": "TX",
    "zip": "79602",
    "phoneNumber": "325-869-2649"
  },
  {
    "name": "Janine Rhoden",
    "street": "92 Broadway",
    "city": "Astoria",
    "state": "NY",
    "zip": "11103",
    "phoneNumber": "718-228-5894"
  },
  {
    "name": "Lauran Burnard",
    "street": "66697 Park Pl",
    "city": "Riverton",
    "state": "WY",
    "zip": "82501",
    "phoneNumber": "307-342-7795"
  },
  {
    "name": "Lavera Perin",
    "street": "678 3rd Ave",
    "city": "Miami",
    "state": "FL",
    "zip": "33196",
    "phoneNumber": "305-606-7291"
  },
  {
    "name": "Lemuel Latzke",
    "street": "70 Euclid Ave",
    "city": "Bohemia",
    "state": "NY",
    "zip": "11716",
    "phoneNumber": "631-748-6479"
  },
  {
    "name": "Lenna Newville",
    "street": "987 Main St",
    "city": "Raleigh",
    "state": "NC",
    "zip": "27601",
    "phoneNumber": "919-623-2524"
  },
  {
    "name": "Leslie Threets",
    "street": "2 A Kelley Dr",
    "city": "Katonah",
    "state": "NY",
    "zip": "10536",
    "phoneNumber": "914-861-9748"
  },
  {
    "name": "Ligia Reiber",
    "street": "206 Main St",
    "city": "Lansing",
    "state": "MI",
    "zip": "48933",
    "phoneNumber": "517-906-1108"
  },
  {
    "name": "Lilli Scriven",
    "street": "33 State St",
    "city": "Abilene",
    "state": "TX",
    "zip": "79601",
    "phoneNumber": "325-631-1560"
  },
  {
    "name": "Linn Paa",
    "street": "1 S Pine St",
    "city": "Memphis",
    "state": "TN",
    "zip": "38112",
    "phoneNumber": "901-412-4381"
  },
  {
    "name": "My Rantanen",
    "street": "8 Mcarthur Ln",
    "city": "Richboro",
    "state": "PA",
    "zip": "18954",
    "phoneNumber": "215-491-5633"
  },
  {
    "name": "Ozell Shealy",
    "street": "8 Industry Ln",
    "city": "New York",
    "state": "NY",
    "zip": "10002",
    "phoneNumber": "212-332-8435"
  },
  {
    "name": "Paris Wide",
    "street": "187 Market St",
    "city": "Atlanta",
    "state": "GA",
    "zip": "30342",
    "phoneNumber": "404-505-4445"
  },
  {
    "name": "Paz Sahagun",
    "street": "919 Wall Blvd",
    "city": "Meridian",
    "state": "MS",
    "zip": "39307",
    "phoneNumber": "601-927-8287"
  },
  {
    "name": "Peggie Sturiale",
    "street": "9 N 14th St",
    "city": "El Cajon",
    "state": "CA",
    "zip": "92020",
    "phoneNumber": "619-608-1763"
  },
  {
    "name": "Refugia Jacobos",
    "street": "2184 Worth St",
    "city": "Hayward",
    "state": "CA",
    "zip": "94545",
    "phoneNumber": "510-974-8671"
  },
  {
    "name": "Rikki Nayar",
    "street": "1644 Clove Rd",
    "city": "Miami",
    "state": "FL",
    "zip": "33155",
    "phoneNumber": "305-968-9487"
  },
  {
    "name": "Solange Shinko",
    "street": "426 Wolf St",
    "city": "Metairie",
    "state": "LA",
    "zip": "70002",
    "phoneNumber": "504-979-9175"
  },
  {
    "name": "Taryn Moyd",
    "street": "48 Lenox St",
    "city": "Fairfax",
    "state": "VA",
    "zip": "22030",
    "phoneNumber": "703-322-4041"
  },
  {
    "name": "Yolando Luczki",
    "street": "422 E 21st St",
    "city": "Syracuse",
    "state": "NY",
    "zip": "13214",
    "phoneNumber": "315-304-4759"
  }
]
